{"cameraMode":{"drawMode":0,"name":"Shaded","section":"Shading Mode"},"sceneLighting":true,"audioPlay":false,"sceneViewState":{"showFog":true,"showMaterialUpdate":false,"showSkybox":true,"showFlares":true,"showImageEffects":true,"showParticleSystems":true},"in2DMode":false,"pivot":{"x":-152.3818817138672,"y":144.99082946777345,"z":364.9501037597656},"rotation":{"x":-0.15362946689128877,"y":-0.8348591327667236,"z":0.29042673110961916,"w":-0.4416566789150238},"size":14.799599647521973,"orthographic":false}