{"cameraMode":{"drawMode":0,"name":"Shaded","section":"Shading Mode"},"sceneLighting":false,"audioPlay":false,"sceneViewState":{"showFog":true,"showMaterialUpdate":false,"showSkybox":true,"showFlares":true,"showImageEffects":true,"showParticleSystems":true},"in2DMode":false,"pivot":{"x":0.43863946199417117,"y":0.5957654118537903,"z":-0.38397741317749026},"rotation":{"x":0.1364067643880844,"y":-0.4757644236087799,"z":0.07495371252298355,"w":0.8656924366950989},"size":0.6697150468826294,"orthographic":false}