{"cameraMode":{"drawMode":0,"name":"Shaded","section":"Shading Mode"},"sceneLighting":false,"audioPlay":false,"sceneViewState":{"showFog":true,"showMaterialUpdate":false,"showSkybox":true,"showFlares":true,"showImageEffects":true,"showParticleSystems":true},"in2DMode":false,"pivot":{"x":-5.134376525878906,"y":42.953453063964847,"z":226.4520263671875},"rotation":{"x":0.10716138780117035,"y":-0.7531310319900513,"z":0.12676844000816346,"w":0.6365845799446106},"size":114.3590087890625,"orthographic":false}