{"cameraMode":{"drawMode":0,"name":"Shaded","section":"Shading Mode"},"sceneLighting":false,"audioPlay":false,"sceneViewState":{"showFog":true,"showMaterialUpdate":false,"showSkybox":true,"showFlares":true,"showImageEffects":true,"showParticleSystems":true},"in2DMode":false,"pivot":{"x":-4.363071441650391,"y":1.7262738943099976,"z":-12.583648681640625},"rotation":{"x":0.09386543184518814,"y":0.06892447918653488,"z":0.006522492505609989,"w":-0.9931747913360596},"size":8.85547924041748,"orthographic":false}