{"cameraMode":{"drawMode":0,"name":"Shaded","section":"Shading Mode"},"sceneLighting":false,"audioPlay":false,"sceneViewState":{"showFog":true,"showMaterialUpdate":false,"showSkybox":true,"showFlares":true,"showImageEffects":true,"showParticleSystems":true},"in2DMode":false,"pivot":{"x":705.8778686523438,"y":387.5665283203125,"z":23.199726104736329},"rotation":{"x":0.034707210958004,"y":0.06471031904220581,"z":-0.002263245638459921,"w":0.9972977638244629},"size":44.70225524902344,"orthographic":false}