{"cameraMode":{"drawMode":0,"name":"Shaded","section":"Shading Mode"},"sceneLighting":false,"audioPlay":false,"sceneViewState":{"showFog":true,"showMaterialUpdate":false,"showSkybox":true,"showFlares":true,"showImageEffects":true,"showParticleSystems":true},"in2DMode":false,"pivot":{"x":6.103891849517822,"y":2.4901394844055177,"z":0.9763002991676331},"rotation":{"x":0.1075863391160965,"y":-0.7138025760650635,"z":0.11245357245206833,"w":0.6828362941741943},"size":0.00005715516090276651,"orthographic":false}