{"cameraMode":{"drawMode":0,"name":"Shaded","section":"Shading Mode"},"sceneLighting":true,"audioPlay":false,"sceneViewState":{"showFog":true,"showMaterialUpdate":false,"showSkybox":true,"showFlares":true,"showImageEffects":true,"showParticleSystems":true},"in2DMode":false,"pivot":{"x":538.0230712890625,"y":398.4507751464844,"z":214.65768432617188},"rotation":{"x":0.05721690505743027,"y":0.02488929033279419,"z":-0.001435121987015009,"w":0.9980505108833313},"size":373.8991394042969,"orthographic":false}