{"cameraMode":{"drawMode":0,"name":"Shaded","section":"Shading Mode"},"sceneLighting":true,"audioPlay":false,"sceneViewState":{"showFog":true,"showMaterialUpdate":false,"showSkybox":true,"showFlares":true,"showImageEffects":true,"showParticleSystems":true},"in2DMode":false,"pivot":{"x":0.05939137935638428,"y":-10.471115112304688,"z":-30.712785720825197},"rotation":{"x":-0.0019191257888451219,"y":0.9820826649665833,"z":-0.18817420303821565,"w":-0.010021386668086052},"size":40.583457946777347,"orthographic":false}