{"cameraMode":{"drawMode":0,"name":"Shaded","section":"Shading Mode"},"sceneLighting":false,"audioPlay":false,"sceneViewState":{"showFog":true,"showMaterialUpdate":false,"showSkybox":true,"showFlares":true,"showImageEffects":true,"showParticleSystems":true},"in2DMode":false,"pivot":{"x":-0.2902650833129883,"y":-0.06854134798049927,"z":-0.12535546720027924},"rotation":{"x":0.09951484203338623,"y":-0.7545984983444214,"z":0.11772193014621735,"w":0.6378241181373596},"size":1.5251578092575074,"orthographic":false}