{"cameraMode":{"drawMode":0,"name":"Shaded","section":"Shading Mode"},"sceneLighting":false,"audioPlay":false,"sceneViewState":{"showFog":true,"showMaterialUpdate":false,"showSkybox":true,"showFlares":true,"showImageEffects":true,"showParticleSystems":true},"in2DMode":false,"pivot":{"x":5.317080974578857,"y":5.753260612487793,"z":0.1079426258802414},"rotation":{"x":0.28827524185180666,"y":-0.5926647186279297,"z":0.23964735865592957,"w":0.7128920555114746},"size":0.00005715516090276651,"orthographic":false}