{"cameraMode":{"drawMode":0,"name":"Shaded","section":"Shading Mode"},"sceneLighting":false,"audioPlay":false,"sceneViewState":{"showFog":true,"showMaterialUpdate":false,"showSkybox":true,"showFlares":true,"showImageEffects":true,"showParticleSystems":true},"in2DMode":false,"pivot":{"x":-0.3330000638961792,"y":-0.7929999828338623,"z":1.975609302520752},"rotation":{"x":0.28827524185180666,"y":-0.5926647186279297,"z":0.23964735865592957,"w":0.7128920555114746},"size":9.38829231262207,"orthographic":false}