{"cameraMode":{"drawMode":0,"name":"Shaded","section":"Shading Mode"},"sceneLighting":false,"audioPlay":false,"sceneViewState":{"showFog":true,"showMaterialUpdate":false,"showSkybox":true,"showFlares":true,"showImageEffects":true,"showParticleSystems":true},"in2DMode":false,"pivot":{"x":13.750713348388672,"y":42.003662109375,"z":258.88458251953127},"rotation":{"x":0.027339281514286996,"y":0.9648371934890747,"z":-0.2363925576210022,"w":0.11162588000297547},"size":21.3853816986084,"orthographic":false}