{"cameraMode":{"drawMode":0,"name":"Shaded","section":"Shading Mode"},"sceneLighting":false,"audioPlay":false,"sceneViewState":{"showFog":true,"showMaterialUpdate":false,"showSkybox":true,"showFlares":true,"showImageEffects":true,"showParticleSystems":true},"in2DMode":false,"pivot":{"x":0.5069929361343384,"y":0.27138346433639529,"z":-0.02165943570435047},"rotation":{"x":0.14755643904209138,"y":-0.7049921751022339,"z":0.15377405285835267,"w":0.6764367818832398},"size":0.6251579523086548,"orthographic":false}