{"cameraMode":{"drawMode":0,"name":"Shaded","section":"Shading Mode"},"sceneLighting":false,"audioPlay":false,"sceneViewState":{"showFog":true,"showMaterialUpdate":false,"showSkybox":true,"showFlares":true,"showImageEffects":true,"showParticleSystems":true},"in2DMode":false,"pivot":{"x":10.603522300720215,"y":44.074615478515628,"z":259.7341003417969},"rotation":{"x":-0.05476585775613785,"y":0.9428608417510986,"z":-0.19532305002212525,"w":-0.2643161416053772},"size":21.3853816986084,"orthographic":false}