{"cameraMode":{"drawMode":0,"name":"Shaded","section":"Shading Mode"},"sceneLighting":false,"audioPlay":false,"sceneViewState":{"showFog":true,"showMaterialUpdate":false,"showSkybox":true,"showFlares":true,"showImageEffects":true,"showParticleSystems":true},"in2DMode":false,"pivot":{"x":0.0,"y":1.9999973773956299,"z":1.1843661069869996},"rotation":{"x":0.10716138780117035,"y":-0.7531310319900513,"z":0.12676844000816346,"w":0.6365845799446106},"size":7.686023712158203,"orthographic":false}