{"cameraMode":{"drawMode":0,"name":"Shaded","section":"Shading Mode"},"sceneLighting":false,"audioPlay":false,"sceneViewState":{"showFog":true,"showMaterialUpdate":false,"showSkybox":true,"showFlares":true,"showImageEffects":true,"showParticleSystems":true},"in2DMode":false,"pivot":{"x":-17.655500411987306,"y":26.35736656188965,"z":202.17572021484376},"rotation":{"x":0.12632212042808534,"y":-0.22993147373199464,"z":-0.03010445460677147,"w":-0.9645040035247803},"size":24.379148483276368,"orthographic":false}