{"cameraMode":{"drawMode":0,"name":"Shaded","section":"Shading Mode"},"sceneLighting":false,"audioPlay":false,"sceneViewState":{"showFog":true,"showMaterialUpdate":false,"showSkybox":true,"showFlares":true,"showImageEffects":true,"showParticleSystems":true},"in2DMode":false,"pivot":{"x":5.639353275299072,"y":0.3150242865085602,"z":0.3898536264896393},"rotation":{"x":-0.015662847086787225,"y":-0.726783037185669,"z":0.016582241281867029,"w":-0.6864883303642273},"size":9.54085636138916,"orthographic":false}