{"cameraMode":{"drawMode":0,"name":"Shaded","section":"Shading Mode"},"sceneLighting":true,"audioPlay":false,"sceneViewState":{"showFog":false,"showMaterialUpdate":false,"showSkybox":false,"showFlares":false,"showImageEffects":false,"showParticleSystems":false},"in2DMode":false,"pivot":{"x":-4.259293556213379,"y":0.9692410230636597,"z":0.14220285415649415},"rotation":{"x":-0.068541020154953,"y":0.8392086029052734,"z":-0.108862966299057,"w":-0.5283747911453247},"size":7.686023712158203,"orthographic":false}